1,John,Smith,USA,25
2,Inav,Petrov,RU,23
3,John,Smith,USA,25
4,Inav,Petrov,RU,23
5,John,Smith,USA,25
6,Inav,Petrov,RU,23
7,John,Smith,USA,25
8,Inav,Petrov,RU,23
9,John,Smith,USA,25
10,Inav,Petrov,RU,23
11,John,Smith,USA,25
12,Inav,Petrov,RU,23
13,John,Smith,USA,25
14,Inav,Petrov,RU,23
15,John,Smith,USA,25
16,Inav,Petrov,RU,23
17,John,Smith,USA,25
18,Inav,Petrov,RU,23
19,John,Smith,USA,25
20,Inav,Petrov,RU,23
21,John,Smith,USA,25
22,Inav,Petrov,RU,23
23,John,Smith,USA,25
24,Inav,Petrov,RU,23
25,John,Smith,USA,25
26,Inav,Petrov,RU,23
27,John,Smith,USA,25
28,Inav,Petrov,RU,23
29,John,Smith,USA,25
30,Inav,Petrov,RU,23
31,John,Smith,USA,25
32,Inav,Petrov,RU,23
33,John,Smith,USA,25
34,Inav,Petrov,RU,23
35,John,Smith,USA,25
36,Inav,Petrov,RU,23
37,John,Smith,USA,25
38,Inav,Petrov,RU,23
39,John,Smith,USA,25
40,Inav,Petrov,RU,23
41,John,Smith,USA,25
42,Inav,Petrov,RU,23
43,John,Smith,USA,25
44,Inav,Petrov,RU,23
45,John,Smith,USA,25
46,Inav,Petrov,RU,23
47,John,Smith,USA,25
48,Inav,Petrov,RU,23
49,John,Smith,USA,25
50,Inav,Petrov,RU,23
51,John,Smith,USA,25
52,Inav,Petrov,RU,23
53,John,Smith,USA,25
54,Inav,Petrov,RU,23
55,John,Smith,USA,25
56,Inav,Petrov,RU,23
57,John,Smith,USA,25
58,Inav,Petrov,RU,23
59,John,Smith,USA,25
60,Inav,Petrov,RU,23
61,John,Smith,USA,25
62,Inav,Petrov,RU,23
63,John,Smith,USA,25
64,Inav,Petrov,RU,23
65,John,Smith,USA,25
66,Inav,Petrov,RU,23
67,John,Smith,USA,25
68,Inav,Petrov,RU,23
69,John,Smith,USA,25
70,Inav,Petrov,RU,23
71,John,Smith,USA,25
72,Inav,Petrov,RU,23
73,John,Smith,USA,25
74,Inav,Petrov,RU,23
75,John,Smith,USA,25
76,Inav,Petrov,RU,23
77,John,Smith,USA,25
78,Inav,Petrov,RU,23
79,John,Smith,USA,25
80,Inav,Petrov,RU,23
81,John,Smith,USA,25
82,Inav,Petrov,RU,23
83,John,Smith,USA,25
84,Inav,Petrov,RU,23
85,John,Smith,USA,25
86,Inav,Petrov,RU,23
87,John,Smith,USA,25
88,Inav,Petrov,RU,23
89,John,Smith,USA,25
90,Inav,Petrov,RU,23
91,John,Smith,USA,25
92,Inav,Petrov,RU,23
93,John,Smith,USA,25
94,Inav,Petrov,RU,23
95,John,Smith,USA,25
96,Inav,Petrov,RU,23
97,John,Smith,USA,25
98,Inav,Petrov,RU,23
99,John,Smith,USA,25
100,John,Smith,USA,25
101,Inav,Petrov,RU,23
102,John,Smith,USA,25
103,Inav,Petrov,RU,23
104,John,Smith,USA,25
105,Inav,Petrov,RU,23
106,John,Smith,USA,25
107,Inav,Petrov,RU,23
108,John,Smith,USA,25
109,Inav,Petrov,RU,23
110,John,Smith,USA,25
111,Inav,Petrov,RU,23
112,John,Smith,USA,25
113,Inav,Petrov,RU,23
114,John,Smith,USA,25
115,Inav,Petrov,RU,23
116,John,Smith,USA,25
117,Inav,Petrov,RU,23
118,John,Smith,USA,25
119,Inav,Petrov,RU,23
120,John,Smith,USA,25
121,Inav,Petrov,RU,23
122,John,Smith,USA,25
123,Inav,Petrov,RU,23
124,John,Smith,USA,25
125,Inav,Petrov,RU,23
126,John,Smith,USA,25
127,Inav,Petrov,RU,23
128,John,Smith,USA,25
129,Inav,Petrov,RU,23
130,John,Smith,USA,25
131,Inav,Petrov,RU,23
132,John,Smith,USA,25
133,Inav,Petrov,RU,23
134,John,Smith,USA,25
135,Inav,Petrov,RU,23
136,John,Smith,USA,25
137,Inav,Petrov,RU,23
138,John,Smith,USA,25
139,Inav,Petrov,RU,23
140,John,Smith,USA,25
141,Inav,Petrov,RU,23
142,John,Smith,USA,25
143,Inav,Petrov,RU,23
144,John,Smith,USA,25
145,Inav,Petrov,RU,23
146,John,Smith,USA,25
147,Inav,Petrov,RU,23
148,John,Smith,USA,25
149,Inav,Petrov,RU,23
150,John,Smith,USA,25
151,Inav,Petrov,RU,23
152,John,Smith,USA,25
153,Inav,Petrov,RU,23
154,John,Smith,USA,25
155,Inav,Petrov,RU,23
156,John,Smith,USA,25
157,Inav,Petrov,RU,23
158,John,Smith,USA,25
159,Inav,Petrov,RU,23
160,John,Smith,USA,25
161,Inav,Petrov,RU,23
162,John,Smith,USA,25
163,Inav,Petrov,RU,23
164,John,Smith,USA,25
165,Inav,Petrov,RU,23
166,John,Smith,USA,25
167,Inav,Petrov,RU,23
168,John,Smith,USA,25
169,Inav,Petrov,RU,23
170,John,Smith,USA,25
171,Inav,Petrov,RU,23
172,John,Smith,USA,25
173,Inav,Petrov,RU,23
174,John,Smith,USA,25
175,Inav,Petrov,RU,23
176,John,Smith,USA,25
177,Inav,Petrov,RU,23
178,John,Smith,USA,25
179,Inav,Petrov,RU,23
180,John,Smith,USA,25
181,Inav,Petrov,RU,23
182,John,Smith,USA,25
183,Inav,Petrov,RU,23
184,John,Smith,USA,25
185,Inav,Petrov,RU,23
186,John,Smith,USA,25
187,Inav,Petrov,RU,23
188,John,Smith,USA,25
189,Inav,Petrov,RU,23
190,John,Smith,USA,25
191,Inav,Petrov,RU,23
192,John,Smith,USA,25
193,Inav,Petrov,RU,23
194,John,Smith,USA,25
195,Inav,Petrov,RU,23
196,John,Smith,USA,25
197,Inav,Petrov,RU,23
198,John,Smith,USA,25
199,John,Smith,USA,25
200,Inav,Petrov,RU,23
201,John,Smith,USA,25
202,Inav,Petrov,RU,23
203,John,Smith,USA,25
204,Inav,Petrov,RU,23
205,John,Smith,USA,25
206,Inav,Petrov,RU,23
207,John,Smith,USA,25
208,Inav,Petrov,RU,23
209,John,Smith,USA,25
210,Inav,Petrov,RU,23
211,John,Smith,USA,25
212,Inav,Petrov,RU,23
213,John,Smith,USA,25
214,Inav,Petrov,RU,23
215,John,Smith,USA,25
216,Inav,Petrov,RU,23
217,John,Smith,USA,25
218,Inav,Petrov,RU,23
219,John,Smith,USA,25
220,Inav,Petrov,RU,23
221,John,Smith,USA,25
222,Inav,Petrov,RU,23
223,John,Smith,USA,25
224,Inav,Petrov,RU,23
225,John,Smith,USA,25
226,Inav,Petrov,RU,23
227,John,Smith,USA,25
228,Inav,Petrov,RU,23
229,John,Smith,USA,25
230,Inav,Petrov,RU,23
231,John,Smith,USA,25
232,Inav,Petrov,RU,23
233,John,Smith,USA,25
234,Inav,Petrov,RU,23
235,John,Smith,USA,25
236,Inav,Petrov,RU,23
237,John,Smith,USA,25
238,Inav,Petrov,RU,23
239,John,Smith,USA,25
240,Inav,Petrov,RU,23
241,John,Smith,USA,25
242,Inav,Petrov,RU,23
243,John,Smith,USA,25
244,Inav,Petrov,RU,23
245,John,Smith,USA,25
246,Inav,Petrov,RU,23
247,John,Smith,USA,25
248,Inav,Petrov,RU,23
249,John,Smith,USA,25
250,Inav,Petrov,RU,23
251,John,Smith,USA,25
252,Inav,Petrov,RU,23
253,John,Smith,USA,25
254,Inav,Petrov,RU,23
255,John,Smith,USA,25
256,Inav,Petrov,RU,23
257,John,Smith,USA,25
258,Inav,Petrov,RU,23
259,John,Smith,USA,25
260,Inav,Petrov,RU,23
261,John,Smith,USA,25
262,Inav,Petrov,RU,23
263,John,Smith,USA,25
264,Inav,Petrov,RU,23
265,John,Smith,USA,25
266,Inav,Petrov,RU,23
267,John,Smith,USA,25
268,Inav,Petrov,RU,23
269,John,Smith,USA,25
270,Inav,Petrov,RU,23
271,John,Smith,USA,25
272,Inav,Petrov,RU,23
273,John,Smith,USA,25
274,Inav,Petrov,RU,23
275,John,Smith,USA,25
276,Inav,Petrov,RU,23
277,John,Smith,USA,25
278,Inav,Petrov,RU,23
279,John,Smith,USA,25
280,Inav,Petrov,RU,23
281,John,Smith,USA,25
282,Inav,Petrov,RU,23
283,John,Smith,USA,25
284,Inav,Petrov,RU,23
285,John,Smith,USA,25
286,Inav,Petrov,RU,23
287,John,Smith,USA,25
288,Inav,Petrov,RU,23
289,John,Smith,USA,25
290,Inav,Petrov,RU,23
291,John,Smith,USA,25
292,Inav,Petrov,RU,23
293,John,Smith,USA,25
294,Inav,Petrov,RU,23
295,John,Smith,USA,25
296,Inav,Petrov,RU,23
297,John,Smith,USA,25
298,John,Smith,USA,25
299,Inav,Petrov,RU,23
300,John,Smith,USA,25
301,Inav,Petrov,RU,23
302,John,Smith,USA,25
303,Inav,Petrov,RU,23
304,John,Smith,USA,25
305,Inav,Petrov,RU,23
306,John,Smith,USA,25
307,Inav,Petrov,RU,23
308,John,Smith,USA,25
309,Inav,Petrov,RU,23
310,John,Smith,USA,25
311,Inav,Petrov,RU,23
312,John,Smith,USA,25
313,Inav,Petrov,RU,23
314,John,Smith,USA,25
315,Inav,Petrov,RU,23
316,John,Smith,USA,25
317,Inav,Petrov,RU,23
318,John,Smith,USA,25
319,Inav,Petrov,RU,23
320,John,Smith,USA,25
321,Inav,Petrov,RU,23
322,John,Smith,USA,25
323,Inav,Petrov,RU,23
324,John,Smith,USA,25
325,Inav,Petrov,RU,23
326,John,Smith,USA,25
327,Inav,Petrov,RU,23
328,John,Smith,USA,25
329,Inav,Petrov,RU,23
330,John,Smith,USA,25
331,Inav,Petrov,RU,23
332,John,Smith,USA,25
333,Inav,Petrov,RU,23
334,John,Smith,USA,25
335,Inav,Petrov,RU,23
336,John,Smith,USA,25
337,Inav,Petrov,RU,23
338,John,Smith,USA,25
339,Inav,Petrov,RU,23
340,John,Smith,USA,25
341,Inav,Petrov,RU,23
342,John,Smith,USA,25
343,Inav,Petrov,RU,23
344,John,Smith,USA,25
345,Inav,Petrov,RU,23
346,John,Smith,USA,25
347,Inav,Petrov,RU,23
348,John,Smith,USA,25
349,Inav,Petrov,RU,23
350,John,Smith,USA,25
351,Inav,Petrov,RU,23
352,John,Smith,USA,25
353,Inav,Petrov,RU,23
354,John,Smith,USA,25
355,Inav,Petrov,RU,23
356,John,Smith,USA,25
357,Inav,Petrov,RU,23
358,John,Smith,USA,25
359,Inav,Petrov,RU,23
360,John,Smith,USA,25
361,Inav,Petrov,RU,23
362,John,Smith,USA,25
363,Inav,Petrov,RU,23
364,John,Smith,USA,25
365,Inav,Petrov,RU,23
366,John,Smith,USA,25
367,Inav,Petrov,RU,23
368,John,Smith,USA,25
369,Inav,Petrov,RU,23
370,John,Smith,USA,25
371,Inav,Petrov,RU,23
372,John,Smith,USA,25
373,Inav,Petrov,RU,23
374,John,Smith,USA,25
375,Inav,Petrov,RU,23
376,John,Smith,USA,25
377,Inav,Petrov,RU,23
378,John,Smith,USA,25
379,Inav,Petrov,RU,23
380,John,Smith,USA,25
381,Inav,Petrov,RU,23
382,John,Smith,USA,25
383,Inav,Petrov,RU,23
384,John,Smith,USA,25
385,Inav,Petrov,RU,23
386,John,Smith,USA,25
387,Inav,Petrov,RU,23
388,John,Smith,USA,25
389,Inav,Petrov,RU,23
390,John,Smith,USA,25
391,Inav,Petrov,RU,23
392,John,Smith,USA,25
393,Inav,Petrov,RU,23
394,John,Smith,USA,25
395,Inav,Petrov,RU,23
396,John,Smith,USA,25
397,John,Smith,USA,25
398,Inav,Petrov,RU,23
399,John,Smith,USA,25
400,Inav,Petrov,RU,23
401,John,Smith,USA,25
402,Inav,Petrov,RU,23
403,John,Smith,USA,25
404,Inav,Petrov,RU,23
405,John,Smith,USA,25
406,Inav,Petrov,RU,23
407,John,Smith,USA,25
408,Inav,Petrov,RU,23
409,John,Smith,USA,25
410,Inav,Petrov,RU,23
411,John,Smith,USA,25
412,Inav,Petrov,RU,23
413,John,Smith,USA,25
414,Inav,Petrov,RU,23
415,John,Smith,USA,25
416,Inav,Petrov,RU,23
417,John,Smith,USA,25
418,Inav,Petrov,RU,23
419,John,Smith,USA,25
420,Inav,Petrov,RU,23
421,John,Smith,USA,25
422,Inav,Petrov,RU,23
423,John,Smith,USA,25
424,Inav,Petrov,RU,23
425,John,Smith,USA,25
426,Inav,Petrov,RU,23
427,John,Smith,USA,25
428,Inav,Petrov,RU,23
429,John,Smith,USA,25
430,Inav,Petrov,RU,23
431,John,Smith,USA,25
432,Inav,Petrov,RU,23
433,John,Smith,USA,25
434,Inav,Petrov,RU,23
435,John,Smith,USA,25
436,Inav,Petrov,RU,23
437,John,Smith,USA,25
438,Inav,Petrov,RU,23
439,John,Smith,USA,25
440,Inav,Petrov,RU,23
441,John,Smith,USA,25
442,Inav,Petrov,RU,23
443,John,Smith,USA,25
444,Inav,Petrov,RU,23
445,John,Smith,USA,25
446,Inav,Petrov,RU,23
447,John,Smith,USA,25
448,Inav,Petrov,RU,23
449,John,Smith,USA,25
450,Inav,Petrov,RU,23
451,John,Smith,USA,25
452,Inav,Petrov,RU,23
453,John,Smith,USA,25
454,Inav,Petrov,RU,23
455,John,Smith,USA,25
456,Inav,Petrov,RU,23
457,John,Smith,USA,25
458,Inav,Petrov,RU,23
459,John,Smith,USA,25
460,Inav,Petrov,RU,23
461,John,Smith,USA,25
462,Inav,Petrov,RU,23
463,John,Smith,USA,25
464,Inav,Petrov,RU,23
465,John,Smith,USA,25
466,Inav,Petrov,RU,23
467,John,Smith,USA,25
468,Inav,Petrov,RU,23
469,John,Smith,USA,25
470,Inav,Petrov,RU,23
471,John,Smith,USA,25
472,Inav,Petrov,RU,23
473,John,Smith,USA,25
474,Inav,Petrov,RU,23
475,John,Smith,USA,25
476,Inav,Petrov,RU,23
477,John,Smith,USA,25
478,Inav,Petrov,RU,23
479,John,Smith,USA,25
480,Inav,Petrov,RU,23
481,John,Smith,USA,25
482,Inav,Petrov,RU,23
483,John,Smith,USA,25
484,Inav,Petrov,RU,23
485,John,Smith,USA,25
486,Inav,Petrov,RU,23
487,John,Smith,USA,25
488,Inav,Petrov,RU,23
489,John,Smith,USA,25
490,Inav,Petrov,RU,23
491,John,Smith,USA,25
492,Inav,Petrov,RU,23
493,John,Smith,USA,25
494,Inav,Petrov,RU,23
495,John,Smith,USA,25
496,John,Smith,USA,25
497,Inav,Petrov,RU,23
498,John,Smith,USA,25
499,Inav,Petrov,RU,23
500,John,Smith,USA,25
501,Inav,Petrov,RU,23
502,John,Smith,USA,25
503,Inav,Petrov,RU,23
504,John,Smith,USA,25
505,Inav,Petrov,RU,23
506,John,Smith,USA,25
507,Inav,Petrov,RU,23
508,John,Smith,USA,25
509,Inav,Petrov,RU,23
510,John,Smith,USA,25
511,Inav,Petrov,RU,23
512,John,Smith,USA,25
513,Inav,Petrov,RU,23
514,John,Smith,USA,25
515,Inav,Petrov,RU,23
516,John,Smith,USA,25
517,Inav,Petrov,RU,23
518,John,Smith,USA,25
519,Inav,Petrov,RU,23
520,John,Smith,USA,25
521,Inav,Petrov,RU,23
522,John,Smith,USA,25
523,Inav,Petrov,RU,23
524,John,Smith,USA,25
525,Inav,Petrov,RU,23
526,John,Smith,USA,25
527,Inav,Petrov,RU,23
528,John,Smith,USA,25
529,Inav,Petrov,RU,23
530,John,Smith,USA,25
531,Inav,Petrov,RU,23
532,John,Smith,USA,25
533,Inav,Petrov,RU,23
534,John,Smith,USA,25
535,Inav,Petrov,RU,23
536,John,Smith,USA,25
537,Inav,Petrov,RU,23
538,John,Smith,USA,25
539,Inav,Petrov,RU,23
540,John,Smith,USA,25
541,Inav,Petrov,RU,23
542,John,Smith,USA,25
543,Inav,Petrov,RU,23
544,John,Smith,USA,25
545,Inav,Petrov,RU,23
546,John,Smith,USA,25
547,Inav,Petrov,RU,23
548,John,Smith,USA,25
549,Inav,Petrov,RU,23
550,John,Smith,USA,25
551,Inav,Petrov,RU,23
552,John,Smith,USA,25
553,Inav,Petrov,RU,23
554,John,Smith,USA,25
555,Inav,Petrov,RU,23
556,John,Smith,USA,25
557,Inav,Petrov,RU,23
558,John,Smith,USA,25
559,Inav,Petrov,RU,23
560,John,Smith,USA,25
561,Inav,Petrov,RU,23
562,John,Smith,USA,25
563,Inav,Petrov,RU,23
564,John,Smith,USA,25
565,Inav,Petrov,RU,23
566,John,Smith,USA,25
567,Inav,Petrov,RU,23
568,John,Smith,USA,25
569,Inav,Petrov,RU,23
570,John,Smith,USA,25
571,Inav,Petrov,RU,23
572,John,Smith,USA,25
573,Inav,Petrov,RU,23
574,John,Smith,USA,25
575,Inav,Petrov,RU,23
576,John,Smith,USA,25
577,Inav,Petrov,RU,23
578,John,Smith,USA,25
579,Inav,Petrov,RU,23
580,John,Smith,USA,25
581,Inav,Petrov,RU,23
582,John,Smith,USA,25
583,Inav,Petrov,RU,23
584,John,Smith,USA,25
585,Inav,Petrov,RU,23
586,John,Smith,USA,25
587,Inav,Petrov,RU,23
588,John,Smith,USA,25
589,Inav,Petrov,RU,23
590,John,Smith,USA,25
591,Inav,Petrov,RU,23
592,John,Smith,USA,25
593,Inav,Petrov,RU,23
594,John,Smith,USA,25
595,John,Smith,USA,25
596,Inav,Petrov,RU,23
597,John,Smith,USA,25
598,Inav,Petrov,RU,23
599,John,Smith,USA,25
600,Inav,Petrov,RU,23
601,John,Smith,USA,25
602,Inav,Petrov,RU,23
603,John,Smith,USA,25
604,Inav,Petrov,RU,23
605,John,Smith,USA,25
606,Inav,Petrov,RU,23
607,John,Smith,USA,25
608,Inav,Petrov,RU,23
609,John,Smith,USA,25
610,Inav,Petrov,RU,23
611,John,Smith,USA,25
612,Inav,Petrov,RU,23
613,John,Smith,USA,25
614,Inav,Petrov,RU,23
615,John,Smith,USA,25
616,Inav,Petrov,RU,23
617,John,Smith,USA,25
618,Inav,Petrov,RU,23
619,John,Smith,USA,25
620,Inav,Petrov,RU,23
621,John,Smith,USA,25
622,Inav,Petrov,RU,23
623,John,Smith,USA,25
624,Inav,Petrov,RU,23
625,John,Smith,USA,25
626,Inav,Petrov,RU,23
627,John,Smith,USA,25
628,Inav,Petrov,RU,23
629,John,Smith,USA,25
630,Inav,Petrov,RU,23
631,John,Smith,USA,25
632,Inav,Petrov,RU,23
633,John,Smith,USA,25
634,Inav,Petrov,RU,23
635,John,Smith,USA,25
636,Inav,Petrov,RU,23
637,John,Smith,USA,25
638,Inav,Petrov,RU,23
639,John,Smith,USA,25
640,Inav,Petrov,RU,23
641,John,Smith,USA,25
642,Inav,Petrov,RU,23
643,John,Smith,USA,25
644,Inav,Petrov,RU,23
645,John,Smith,USA,25
646,Inav,Petrov,RU,23
647,John,Smith,USA,25
648,Inav,Petrov,RU,23
649,John,Smith,USA,25
650,Inav,Petrov,RU,23
651,John,Smith,USA,25
652,Inav,Petrov,RU,23
653,John,Smith,USA,25
654,Inav,Petrov,RU,23
655,John,Smith,USA,25
656,Inav,Petrov,RU,23
657,John,Smith,USA,25
658,Inav,Petrov,RU,23
659,John,Smith,USA,25
660,Inav,Petrov,RU,23
661,John,Smith,USA,25
662,Inav,Petrov,RU,23
663,John,Smith,USA,25
664,Inav,Petrov,RU,23
665,John,Smith,USA,25
666,Inav,Petrov,RU,23
667,John,Smith,USA,25
668,Inav,Petrov,RU,23
669,John,Smith,USA,25
670,Inav,Petrov,RU,23
671,John,Smith,USA,25
672,Inav,Petrov,RU,23
673,John,Smith,USA,25
674,Inav,Petrov,RU,23
675,John,Smith,USA,25
676,Inav,Petrov,RU,23
677,John,Smith,USA,25
678,Inav,Petrov,RU,23
679,John,Smith,USA,25
680,Inav,Petrov,RU,23
681,John,Smith,USA,25
682,Inav,Petrov,RU,23
683,John,Smith,USA,25
684,Inav,Petrov,RU,23
685,John,Smith,USA,25
686,Inav,Petrov,RU,23
687,John,Smith,USA,25
688,Inav,Petrov,RU,23
689,John,Smith,USA,25
690,Inav,Petrov,RU,23
691,John,Smith,USA,25
692,Inav,Petrov,RU,23
693,John,Smith,USA,25
694,John,Smith,USA,25
695,Inav,Petrov,RU,23
696,John,Smith,USA,25
697,Inav,Petrov,RU,23
698,John,Smith,USA,25
699,Inav,Petrov,RU,23
700,John,Smith,USA,25
701,Inav,Petrov,RU,23
702,John,Smith,USA,25
703,Inav,Petrov,RU,23
704,John,Smith,USA,25
705,Inav,Petrov,RU,23
706,John,Smith,USA,25
707,Inav,Petrov,RU,23
708,John,Smith,USA,25
709,Inav,Petrov,RU,23
710,John,Smith,USA,25
711,Inav,Petrov,RU,23
712,John,Smith,USA,25
713,Inav,Petrov,RU,23
714,John,Smith,USA,25
715,Inav,Petrov,RU,23
716,John,Smith,USA,25
717,Inav,Petrov,RU,23
718,John,Smith,USA,25
719,Inav,Petrov,RU,23
720,John,Smith,USA,25
721,Inav,Petrov,RU,23
722,John,Smith,USA,25
723,Inav,Petrov,RU,23
724,John,Smith,USA,25
725,Inav,Petrov,RU,23
726,John,Smith,USA,25
727,Inav,Petrov,RU,23
728,John,Smith,USA,25
729,Inav,Petrov,RU,23
730,John,Smith,USA,25
731,Inav,Petrov,RU,23
732,John,Smith,USA,25
733,Inav,Petrov,RU,23
734,John,Smith,USA,25
735,Inav,Petrov,RU,23
736,John,Smith,USA,25
737,Inav,Petrov,RU,23
738,John,Smith,USA,25
739,Inav,Petrov,RU,23
740,John,Smith,USA,25
741,Inav,Petrov,RU,23
742,John,Smith,USA,25
743,Inav,Petrov,RU,23
744,John,Smith,USA,25
745,Inav,Petrov,RU,23
746,John,Smith,USA,25
747,Inav,Petrov,RU,23
748,John,Smith,USA,25
749,Inav,Petrov,RU,23
750,John,Smith,USA,25
751,Inav,Petrov,RU,23
752,John,Smith,USA,25
753,Inav,Petrov,RU,23
754,John,Smith,USA,25
755,Inav,Petrov,RU,23
756,John,Smith,USA,25
757,Inav,Petrov,RU,23
758,John,Smith,USA,25
759,Inav,Petrov,RU,23
760,John,Smith,USA,25
761,Inav,Petrov,RU,23
762,John,Smith,USA,25
763,Inav,Petrov,RU,23
764,John,Smith,USA,25
765,Inav,Petrov,RU,23
766,John,Smith,USA,25
767,Inav,Petrov,RU,23
768,John,Smith,USA,25
769,Inav,Petrov,RU,23
770,John,Smith,USA,25
771,Inav,Petrov,RU,23
772,John,Smith,USA,25
773,Inav,Petrov,RU,23
774,John,Smith,USA,25
775,Inav,Petrov,RU,23
776,John,Smith,USA,25
777,Inav,Petrov,RU,23
778,John,Smith,USA,25
779,Inav,Petrov,RU,23
780,John,Smith,USA,25
781,Inav,Petrov,RU,23
782,John,Smith,USA,25
783,Inav,Petrov,RU,23
784,John,Smith,USA,25
785,Inav,Petrov,RU,23
786,John,Smith,USA,25
787,Inav,Petrov,RU,23
788,John,Smith,USA,25
789,Inav,Petrov,RU,23
790,John,Smith,USA,25
791,Inav,Petrov,RU,23
792,John,Smith,USA,25
793,John,Smith,USA,25
794,Inav,Petrov,RU,23
795,John,Smith,USA,25
796,Inav,Petrov,RU,23
797,John,Smith,USA,25
798,Inav,Petrov,RU,23
799,John,Smith,USA,25
800,Inav,Petrov,RU,23
801,John,Smith,USA,25
802,Inav,Petrov,RU,23
803,John,Smith,USA,25
804,Inav,Petrov,RU,23
805,John,Smith,USA,25
806,Inav,Petrov,RU,23
807,John,Smith,USA,25
808,Inav,Petrov,RU,23
809,John,Smith,USA,25
810,Inav,Petrov,RU,23
811,John,Smith,USA,25
812,Inav,Petrov,RU,23
813,John,Smith,USA,25
814,Inav,Petrov,RU,23
815,John,Smith,USA,25
816,Inav,Petrov,RU,23
817,John,Smith,USA,25
818,Inav,Petrov,RU,23
819,John,Smith,USA,25
820,Inav,Petrov,RU,23
821,John,Smith,USA,25
822,Inav,Petrov,RU,23
823,John,Smith,USA,25
824,Inav,Petrov,RU,23
825,John,Smith,USA,25
826,Inav,Petrov,RU,23
827,John,Smith,USA,25
828,Inav,Petrov,RU,23
829,John,Smith,USA,25
830,Inav,Petrov,RU,23
831,John,Smith,USA,25
832,Inav,Petrov,RU,23
833,John,Smith,USA,25
834,Inav,Petrov,RU,23
835,John,Smith,USA,25
836,Inav,Petrov,RU,23
837,John,Smith,USA,25
838,Inav,Petrov,RU,23
839,John,Smith,USA,25
840,Inav,Petrov,RU,23
841,John,Smith,USA,25
842,Inav,Petrov,RU,23
843,John,Smith,USA,25
844,Inav,Petrov,RU,23
845,John,Smith,USA,25
846,Inav,Petrov,RU,23
847,John,Smith,USA,25
848,Inav,Petrov,RU,23
849,John,Smith,USA,25
850,Inav,Petrov,RU,23
851,John,Smith,USA,25
852,Inav,Petrov,RU,23
853,John,Smith,USA,25
854,Inav,Petrov,RU,23
855,John,Smith,USA,25
856,Inav,Petrov,RU,23
857,John,Smith,USA,25
858,Inav,Petrov,RU,23
859,John,Smith,USA,25
860,Inav,Petrov,RU,23
861,John,Smith,USA,25
862,Inav,Petrov,RU,23
863,John,Smith,USA,25
864,Inav,Petrov,RU,23
865,John,Smith,USA,25
866,Inav,Petrov,RU,23
867,John,Smith,USA,25
868,Inav,Petrov,RU,23
869,John,Smith,USA,25
870,Inav,Petrov,RU,23
871,John,Smith,USA,25
872,Inav,Petrov,RU,23
873,John,Smith,USA,25
874,Inav,Petrov,RU,23
875,John,Smith,USA,25
876,Inav,Petrov,RU,23
877,John,Smith,USA,25
878,Inav,Petrov,RU,23
879,John,Smith,USA,25
880,Inav,Petrov,RU,23
881,John,Smith,USA,25
882,Inav,Petrov,RU,23
883,John,Smith,USA,25
884,Inav,Petrov,RU,23
885,John,Smith,USA,25
886,Inav,Petrov,RU,23
887,John,Smith,USA,25
888,Inav,Petrov,RU,23
889,John,Smith,USA,25
890,Inav,Petrov,RU,23
891,John,Smith,USA,25
892,John,Smith,USA,25
893,Inav,Petrov,RU,23
894,John,Smith,USA,25
895,Inav,Petrov,RU,23
896,John,Smith,USA,25
897,Inav,Petrov,RU,23
898,John,Smith,USA,25
899,Inav,Petrov,RU,23
900,John,Smith,USA,25
901,Inav,Petrov,RU,23
902,John,Smith,USA,25
903,Inav,Petrov,RU,23
904,John,Smith,USA,25
905,Inav,Petrov,RU,23
906,John,Smith,USA,25
907,Inav,Petrov,RU,23
908,John,Smith,USA,25
909,Inav,Petrov,RU,23
910,John,Smith,USA,25
911,Inav,Petrov,RU,23
912,John,Smith,USA,25
913,Inav,Petrov,RU,23
914,John,Smith,USA,25
915,Inav,Petrov,RU,23
916,John,Smith,USA,25
917,Inav,Petrov,RU,23
918,John,Smith,USA,25
919,Inav,Petrov,RU,23
920,John,Smith,USA,25
921,Inav,Petrov,RU,23
922,John,Smith,USA,25
923,Inav,Petrov,RU,23
924,John,Smith,USA,25
925,Inav,Petrov,RU,23
926,John,Smith,USA,25
927,Inav,Petrov,RU,23
928,John,Smith,USA,25
929,Inav,Petrov,RU,23
930,John,Smith,USA,25
931,Inav,Petrov,RU,23
932,John,Smith,USA,25
933,Inav,Petrov,RU,23
934,John,Smith,USA,25
935,Inav,Petrov,RU,23
936,John,Smith,USA,25
937,Inav,Petrov,RU,23
938,John,Smith,USA,25
939,Inav,Petrov,RU,23
940,John,Smith,USA,25
941,Inav,Petrov,RU,23
942,John,Smith,USA,25
943,Inav,Petrov,RU,23
944,John,Smith,USA,25
945,Inav,Petrov,RU,23
946,John,Smith,USA,25
947,Inav,Petrov,RU,23
948,John,Smith,USA,25
949,Inav,Petrov,RU,23
950,John,Smith,USA,25
951,Inav,Petrov,RU,23
952,John,Smith,USA,25
953,Inav,Petrov,RU,23
954,John,Smith,USA,25
955,Inav,Petrov,RU,23
956,John,Smith,USA,25
957,Inav,Petrov,RU,23
958,John,Smith,USA,25
959,Inav,Petrov,RU,23
960,John,Smith,USA,25
961,Inav,Petrov,RU,23
962,John,Smith,USA,25
963,Inav,Petrov,RU,23
964,John,Smith,USA,25
965,Inav,Petrov,RU,23
966,John,Smith,USA,25
967,Inav,Petrov,RU,23
968,John,Smith,USA,25
969,Inav,Petrov,RU,23
970,John,Smith,USA,25
971,Inav,Petrov,RU,23
972,John,Smith,USA,25
973,Inav,Petrov,RU,23
974,John,Smith,USA,25
975,Inav,Petrov,RU,23
976,John,Smith,USA,25
977,Inav,Petrov,RU,23
978,John,Smith,USA,25
979,Inav,Petrov,RU,23
980,John,Smith,USA,25
981,Inav,Petrov,RU,23
982,John,Smith,USA,25
983,Inav,Petrov,RU,23
984,John,Smith,USA,25
985,Inav,Petrov,RU,23
986,John,Smith,USA,25
987,Inav,Petrov,RU,23
988,John,Smith,USA,25
989,Inav,Petrov,RU,23
990,John,Smith,USA,25
991,John,Smith,USA,25
992,Inav,Petrov,RU,23
993,John,Smith,USA,25
994,Inav,Petrov,RU,23
995,John,Smith,USA,25
996,John,Smith,USA,25
997,Inav,Petrov,RU,23
998,John,Smith,USA,25
999,Inav,Petrov,RU,23
1000,John,Smith,USA,25
